id,first_name,last_name,country,email,gender,color
1,Rustie,Swannick,CN,barmit0@gnu.org,Male,black
2,Lonny,Leonard,ID,skayes1@ehow.com,Male,white
3,Randie,Smithen,FR,pbrayshaw2@twitter.com,Female,red
4,Andy,Flippelli,VE,ctegeller
27,Gisele,Whiskerd,CN,gbiddlestoneq@dmoz.org.ne.jp,Female
28,Herve,Aspell,CN,chrinishinr@hao123.com,Male
29,Chance,Febvre,CN,wmenears@joomla.org,Male
30,Almeda,Gulc,VN,espurniert@free.fr,Female
31,Kata,Lazar,JP,jhexumu@examiner.com,Female
32,Albrecht,Beavis,PH,pbradburnev@jigsy.com,Male
33,Arleta,Kristoffersen,AL,hleattw@economist.com,Fe3@vistaprint.com,Female
5,Quintus,Joselevitz,US,cyerby4@jugem.jp,Male
6,Kalindi,Castille,ID,akensitt5@globo.com,Female
7,Garrek,Schimek,CN,llearmouth6@ca.gov,Male
8,Dorry,Cutridge,RU,fshemilt7@oakley.com,Female
9,Orelee,Meriet,US,cwignall8@npr.org,Female
10,Reinhard,Crampton,FR,gbeel9@reuters.com,Male
11,Margeaux,Leirmonth,AO,fsuttera@vimeo.com,Female
12,Carmela,Coll,BR,lhargetb@ca.gov,Female
13,Justinn,Heaker,ID,hmorkhamc@cdc.gov,Female
14,Adolphe,Thurlbeck,PH,ymalekd@shop-pro.uk,Male
15,George,Hanigan,GQ,cfevere@ucoz.ru,Male
16,Tybalt,Hakey,RU,spattillof@howstuffworks.com,Male
17,Antonio,Rowan,ID,fgoodspeedg@imdb.com,Male
18,Marthe,Pagin,ID,dsedgeh@google.com,Female
19,Ly,Goulder,ID,merrickeri@wordpress.com,Male
20,Kaile,Chamney,NC,othomannj@hhs.gov,Female
21,Ginger,Hearle,CN,hcatchpolek@ibm.com,Female
22,Ramsay,Boodell,SE,saizikovichl@addtoany.com,Male
23,Pietro,Duce,IE,gbailm@gizmodo.com,Male
24,Dmitri,Burleigh,PS,wmccreen@gov.uk,Male
25,Archaimbaud,Gildea,FR,jmundfordo@ca.gov,Male
26,Lily,Sugden,PL,ashimonyp@about.com,Femalemale
34,Grenville,Bourdis,RU,arobotthamx@upenn.edu.cn,Male
35,Geno,Fleg,RU,amedhursty@unc.edu,Male
36,Alexio,Hugland,NL,bcliftz@whitehouse.gov,Male
37,Walliw,Dearlove,BG,cgarret10@trellian.com.ne.jp,Female
38,Maggi,Byrde,GR,jcubbinelli11@macromedia.com.jp,Female
39,Skye,Craney,ID,tthomassen12@ucla.edu,Male
40,Fianna,Taberner,LU,mjoskowitz13@prlog.org,Female
41,Siouxie,Felderer,ID,jstow14@cyberchimps.com,Female
42,Lucias,Votier,UY,kdesvignes15@oracle.com,Male
43,Ellynn,Gwilliam,ID,kmattiacci16@hostgator.com,Female
44,Laurice,McIntee,SV,bgutierrez17@taobao.com.cn,Female
45,Johny,Riccardini,PT,gnewbery18@weebly.com,Male
46,Currie,Ead,US,kguidelli19@miitbeian.gov,Male
47,Janel,Proudley,UZ,nsmails1a@networkadvertising.org,Female
48,Pattin,Ayrton,MX,kdenyukhin1b@studiopress.com,Male
49,Kristy,Gobbett,CZ,vpoppleston1c@economist.com,Female
50,Guy,Tarburn,PH,rgrassot1d@plala.or,Male
51,Selinda,Hartnell,FR,mhagerty1e@sina.com,Female
52,Daffi,Mc Comb,PL,smarder1f@artisteer.com,Female
53,Noach,Anthoin,ID,bmerring1g@scribd.com,Male
54,Dionis,Dolbey,RU,slawler1h@statcounter.com,Female
55,Romola,Bahde,PH,sdensie1i@jiathis.com,Female
56,Brunhilde,Bowers,US,kmalyj1j@arizona.edu,Female
57,Carly,Maciaszczyk,TW,lskill1k@mlb.com,Male
58,Dita,Lelliott,BR,mheugle1l@seesaa.net,Female
59,Lionello,Whatson,RU,dhatherleigh1m@independent.co,Male
60,Warner,Gresty,NG,gbrokenshire1n@umn.edu,Male
61,Roselia,Beton,PE,cmowsdell1o@marriott.com,Female
62,Maritsa,Aslett,CN,lbodicum1p@nature.com,Female
63,Schuyler,Costan,CN,wswalowe1q@printfriendly.com,Male
64,Linet,Beaument,CZ,dreeders1r@ca.gov,Female
65,Carlin,Barnfield,CN,jcrother1s@instagram.com,Female
66,Casper,Argue,CN,gkeemer1t@flickr.com.cn,Male
67,Ashia,Yeomans,US,ekirsz1u@weebly.com,Female
68,Teodoor,Witton,SE,snorgate1v@dmoz.org.jp,Male
69,Val,Crosby,SE,eperez1w@elpais.com,Female
70,Willi,Oylett,CO,fweathers1x@cpanel.net,Male
71,Joseph,Kiely,UZ,yalgar1y@un.org,Male
72,Harriet,Klosges,CN,ckolodziejski1z@t-online,Female
73,Em,Kloisner,TZ,cgallanders20@naver.com,Male
74,Fionna,Fielding,CN,tbaugham21@phoca.cz,Female
75,Lolita,Viscovi,UA,kspringer22@gmpg.org.us,Female
76,Leonid,Blanden,ID,mcasper23@people.com,Male
77,Waite,Rowlands,CN,nkaesmakers24@ehow.com,Male
78,Hobie,Janaud,CN,gyewdale25@yelp.com,Male
79,Uriel,Atthow,FI,bsacher26@typepad.com,Male
80,Padraig,Kaszper,JP,jchallen27@twitter.com,Male
81,Chrysler,Drillingcourt,US,parrigo28@chronoengine.com,Female
82,Bary,Brandham,PH,bmcness29@uiuc.edu,Male
83,Delphine,Dilliway,RU,smacgowing2a@google.cn,Female
84,Thibaud,Elfes,CN,dmachin2b@simplemachines.org,Male
85,Desirae,Castagnasso,FR,mplowell2c@hubpages.com,Female
86,Madelene,Woodrup,PL,gveart2d@edublogs.org,Female
87,Quintus,Yuranovev,BY,solenechan2e@google.it,Male
88,Jard,Eilers,BR,abodley2f@spotify.com,Male
89,Conni,Brear,LK,mbanck2g@epa.gov,Female
90,Corrine,Rattery,EE,nburris2h@weibo.com,Female
91,Rhoda,Currey,PH,lspawton2i@multiply.com,Female
92,Moyna,Aucott,CN,mklagges2j@google.com,Female
93,Raddy,Firebrace,CN,cmillgate2k@arstechnica.com,Male
94,Koo,Silkstone,CN,dmorgan2l@histats.com,Female
95,Morgan,Turfes,CN,iblondin2m@illinois.edu,Female
96,Megen,Fransman,PH,charmson2n@google.es,Female
97,Rooney,Pagett,PT,cscutt2o@mysql.com,Male
98,Sunny,Elcom,ID,dstubley2p@tmall.com,Male
99,Harlen,Humbert,BR,thaselhurst2q@archive.org,Male
100,Mikkel,Wain,CN,klowth2r@nhs.uk,Male
101,Cynde,Navarijo,ID,tkinnar2s@myspace.com,Female
102,Lesli,Billingsley,CN,cmaryin2t@toplist.cz,Female
103,Samuel,Swadon,IL,ebaigrie2u@house.gov,Male
104,Melodie,Singers,DE,abremmell2v@intel.com,Female
105,Wiley,Sorton,MM,ktink2w@nhs.uk,Male
106,Natale,Roddell,US,bsilcock2x@domainmarket.com,Male
107,Gordan,Binch,CO,cshelvey2y@163.com,Male
108,Thibaut,Whild,US,dchaplain2z@nydailynews.com,Male
109,Gladi,Llorente,PH,scrone30@tripod.com,Female
110,Roosevelt,Tatlow,ID,kmalter31@icio.us,Male
111,Masha,Brixey,LA,wjiran32@list-manage,Female
112,Zachery,Sentinella,JP,cwinspeare33@sakura.ne.de,Male
113,Averil,Killoran,CN,ndubery34@live.com,Male
114,Hallie,McBryde,IE,swines35@nationalgeographic.com,Female
115,Annadiana,Matsell,LR,abeacham36@ocn.ne,Female
116,Hattie,Pardon,BR,llunny37@ask.com,Female
117,Viole,Bakewell,FI,tmercik38@scribd.com,Female
118,Hunter,Tremoille,CN,ealfonzo39@nifty.com,Male
119,Carlo,Ricciardo,SE,scrayk3a@admin.ch,Male
120,Ugo,MacCard,PT,gmoncaster3b@earthlink.net,Male
121,Goober,Jenkin,ET,klaborda3c@unesco.org,Male
122,Budd,Daines,MX,gtrouel3d@hugedomains.com,Male
123,Patrizia,Bearsmore,CN,ywissbey3e@simplemachines.org,Female
124,Camila,Gow,AR,mdeighan3f@army.mil,Female
125,Nat,Wernham,RS,dwoolley3g@google.co,Male
126,Oren,Ivanaev,MN,mwatling3h@phpbb.com,Male
127,Webb,Sedgebeer,SE,lclowley3i@squarespace.com,Male
128,Margaretha,Wakelin,ID,tragbourn3j@google.com,Female
129,Robina,Dudleston,PE,ybexley3k@bloglines.com,Female
130,Zachariah,Kopmann,GH,clendrem3l@wikimedia.org,Male
131,Lynde,Bryning,PH,lbottinelli3m@stanford.edu,Female
132,Sandro,Feben,FI,astourton3n@psu.edu,Male
133,Justinian,Hartwright,MX,jketchen3o@qq.com.uk,Male
134,Derick,Dewett,PL,jlougheid3p@instagram.com,Male
135,Benny,O'Corren,ID,ejoe3q@networksolutions.com,Female
136,Elmore,Girault,CN,okubes3r@ox.ac,Male
137,Evelina,McMichael,RU,adraysey3s@themeforest.net,Female
138,Dael,Fursland,BR,ldeely3t@trellian.com,Male
139,Ulrick,Tack,CN,kjoppich3u@unc.edu,Male
140,Dorian,Reyburn,PL,sbanke3v@digg.com,Male
141,Ermin,Piel,FR,kcarp3w@prweb.com,Male
142,Nikolos,Feehan,VN,ktreagust3x@virginia.edu,Male
143,Mandel,Hutchence,CN,dtamblingson3y@nationalgeographic.com,Male
144,Wesley,Kuller,SE,rgibbonson3z@cdbaby.com,Male
145,Dugald,Pelfer,ID,ceasterbrook40@chron.com,Male
146,Karlan,Layne,YE,agoring41@techcrunch.com,Male
147,Shana,Pumphrey,CN,sjancic42@ucoz.com.jp,Female
148,Clement,Pollastrone,CN,dpepperell43@state.tx.jp,Male
149,Sammie,Andrewartha,CN,lchartres45@omniture.com,Male
150,Elsi,Valerius,ES,qrambadt46@imgur.com,Female
151,Bar,Readshaw,CN,ghoudmont47@ning.com,Male
152,Torrie,Haldane,PL,gscadden48@reuters.com,Female
153,Spence,Gower,PH,dcossans49@slate.com,Male
154,Franky,Climance,MX,ayakushkev4a@businesswire.com,Male
155,Karola,Sheach,IE,emcmaster4b@howstuffworks.com,Female
156,Eleanore,Eldridge,IR,psharphurst4d@ucsd.edu,Female
157,Lynn,Northcott,RU,jquesne4e@github.io,Male
158,Stavros,Torrejon,KE,sdashkov4f@booking.com,Male
159,Chiquia,O'Sesnane,GR,ndever4g@go.com,Female
160,Kaja,Giannazzo,CN,othorn4h@sohu.com,Female
161,Thaxter,Spataro,FR,mglozman4i@ca.gov,Male
162,Donavon,Mattea,RU,mwayper4k@github.io,Male
163,Stafford,Magson,PT,pbartolozzi4l@sina.com,Male
164,Englebert,Morstatt,CN,dweond4m@360.cn.uk,Male
165,Alain,Aimable,FR,eranson4n@blogs.com,Male
166,Bathsheba,Seeley,BR,tbartot4o@noaa.gov,Female
167,Doralynn,Crummy,GR,tcolleford4p@vistaprint.com,Female
168,Rebecka,Geldeard,CL,bsummons4r@wired.com,Female
169,Hyatt,Sandiland,SE,hbloxham4s@mac.com,Male
170,Margy,Cramer,KZ,pfowles4t@hibu.com,Female
171,Ced,Dankersley,LS,agritsaev4u@goodreads.com,Male
172,Garvy,Broxup,CN,wphillips4v@geocities.jp,Male
173,Neile,Lammenga,PK,tmccluney4w@tuttocitta.it,Female
174,Carey,Rainey,HN,egoldman4x@google.fr,Male
175,Chris,Havis,PH,msandham4y@blog.com,Male
176,Celestina,Tottle,FR,morpyne4z@ebay.com,Female
177,Milena,Breese,CN,sfairlie50@jalbum.net,Female
178,Uta,Sissland,FR,wnutman51@fastcompany.com,Female
179,Hildagard,Chatto,CN,rbyas52@hud.gov.uk,Female
180,Ermina,Viccary,BR,ibulcock53@utexas.edu,Female
181,Berton,Donoher,UA,mboole54@hubpages.com,Male
182,Kele,Cissell,FR,rduran55@cafepress.com,Male
183,Kiel,Windrum,MG,lwhittick56@exblog.jp,Male
184,Murvyn,Barber,CN,iault58@reverbnation.com,Male
185,Josie,Claisse,CN,cstarcks59@bloglines.com,Female
186,Felix,Blamires,PT,rwillatt5a@netscape.com,Male
187,Abbey,Yeend,ID,abelson5b@nsw.gov,Male
188,Maryellen,Roman,JP,gorvis5c@technorati.com.jp,Female
189,Kort,Palfreman,CU,zrender5d@nsw.gov,Male
190,Jodi,Gheorghie,PL,atoombes5e@360.cn,Female
191,Sadye,Stanistrete,BR,alagne5f@seesaa.net,Female
192,Jacklin,Maddison,US,mwardley5g@marriott.com,Female
193,Allis,Zorzi,DO,sstormes5h@wikispaces.com,Female
194,Tallia,Tadman,FI,sschimann5j@bigcartel.com,Female
195,Kristen,Symmons,GB,hsulley5k@huffingtonpost.com,Female
196,Aurelie,Jiracek,ID,rjiggle5l@google.it,Female
197,Corabel,Kehir,ID,ofacey5m@kickstarter.com,Female
198,Cristabel,Conford,NL,akeatley5n@mit.edu,Female
199,Frasco,Calway,RU,dphilipart5o@amazon.co,Male
200,Abner,Von Hindenburg,CN,mabrahamoff5p@archive.org.cn,Male
201,Marietta,Jarred,SE,gmongin5q@google.it,Female
202,Danna,Gyrgorwicx,CN,sedmand5r@sciencedaily.com,Female
203,Zola,McGarvie,MG,jdabney5s@nih.gov.uk,Female
204,Gerladina,Hamm,PL,bholton5t@webeden.co,Female
205,Alexandra,McIlvaney,AR,tsobieski5u@marriott.com,Female
206,Elisabet,Carman,PE,mwatman5v@harvard.edu,Female
207,Willy,Aukland,RE,dkalinsky5w@scientificamerican.com,Female
208,Giralda,Paragreen,ID,cgreedy5x@bloglines.com,Female
209,Kliment,Portsmouth,CM,bdeyenhardt5z@weibo.com,Male
210,Gannon,Stribling,PL,hashplant60@topsy.com,Male
211,Nina,Robardey,SV,hsellors61@economist.com,Female
212,Winny,Coulsen,CN,vlochhead62@com.com,Female
213,Zach,Rigts,SV,rbirdwhistle63@abc.net,Male
214,Trudy,Berkelay,SE,lmorfell64@npr.org,Female
215,Janek,Woofenden,BD,sdrinkel65@yahoo.com,Male
216,Michail,Thirwell,LY,rlaurent66@hhs.gov,Male
217,Buddy,Charlton,UA,gmarnane67@phoca.cz,Male
218,Sasha,Hopkyns,CN,dmatyushenko68@vk.com,Male
219,Eugenie,Nial,JM,ewalstow69@indiatimes.com,Female
220,Alfy,Durrand,PL,mpinar6a@printfriendly.com,Male
221,Patricia,Espasa,EC,gcorbitt6b@salon.com,Female
222,Ikey,MacNaughton,PT,jpetyanin6c@cyberchimps.com,Male
223,Milt,Huster,PH,tinkles6d@virginia.edu,Male
224,Hilde,Gaize,TD,lharbisher6e@artisteer.com.au,Female
225,Flory,Kirgan,CN,gconsidine6f@ihg.com,Male
226,Joycelin,Gethen,TN,naspinal6g@mail.ru,Female
227,Ely,Eilert,RU,aeynaud6h@businessinsider.com,Male
228,Kenneth,Downse,US,hpeirone6i@who.int,Male
229,Paloma,Torrecilla,CN,nstucke6j@census.gov,Female
230,Rickey,Arias,RU,fhebbs6k@hatena.ne,Male
231,Wolfgang,Vaen,CN,kwatkinson6l@alexa.com.com,Male
232,Durand,Eagles,CN,dcamilli6m@paginegialle.it,Male
233,Wyndham,Noonan,ID,isainthill6n@twitpic.com,Male
234,Hastings,Powder,RU,bshickle6o@ox.ac.au,Male
235,Edna,Cowgill,MA,bvonwelden6p@pagesperso-orange,Female
236,Elaina,Rosen,CN,bjacobbe6q@themeforest.net,Female
237,Lula,Hannis,RS,ncast6r@gov.uk,Female
238,Jaine,Camili,MN,wocuddie6s@cpanel.net,Female
239,Adham,Maingot,CA,rbeaten6t@tripod.com,Male
240,Rollie,Plante,UA,gtamburi6u@xrea.com,Male
241,Caprice,Vasenin,CA,cberens6v@redcross.org,Female
242,Thomasina,Eate,IL,bbiggam6w@about.me,Female
243,Petronella,Moring,US,mwoollam6x@moonfruit.com,Female
244,Drugi,Tiddy,SY,couldred6y@live.com,Male
245,Faith,Thornbarrow,MN,nbouller6z@blogspot.com,Female
246,Shannah,Todeo,RU,cpenylton71@wsj.com,Female
247,Frazier,Potebury,PL,msumpton72@twitpic.com,Male
248,Johnnie,Dameisele,CN,mdavidovsky73@npr.org.cn,Male
249,Correy,Streeton,PH,ndockreay74@about.me,Male
250,Karisa,Gillbanks,BW,leaslea75@auda.org,Female
251,Benita,Jeanequin,VN,eantoniazzi76@facebook.com,Female
252,Loren,Galea,PH,mlanney77@ted.com,Male
253,Sharlene,Clohissy,TN,slofting78@furl.net,Female
254,Shanda,Simony,SA,ltruman7a@pagesperso-orange,Female
255,Reggie,Stolting,RU,jparnall7b@wiley.com,Female
256,Allina,Newlan,CN,ballso7c@goo.gl,Female
257,Robby,Bacon,BR,cmatyatin7d@joomla.org.jp,Male
258,Emanuele,Port,HR,aevill7e@godaddy.com,Male
259,Royall,Bidgood,CN,ewigmore7f@cbc.ca.com,Male
260,Christy,MacFall,CZ,cgethings7g@sina.com,Male
261,Fraser,Justice,ID,hhumes7h@squarespace.com,Male
262,Dominique,Edgley,PH,dgirdlestone7i@tinypic.com,Female
263,Milly,Longfield,PL,ltreadger7k@1688.com,Female
264,Axel,Aubin,CN,crutledge7l@reverbnation.com,Male
265,Nate,Chidzoy,CN,kcardno7m@studiopress.com,Male
266,Emmie,Rushbrook,PE,hkiddle7n@mysql.com,Female
267,Jasmina,Kalinovich,US,mpickston7o@live.com,Female
268,Pia,Schukraft,ID,fwessell7p@mit.edu,Female
269,Federico,O'Moylan,PK,bshurey7q@webeden.co,Male
270,Callida,Layhe,US,gchester7r@multiply.com,Female
271,Corri,Motherwell,PH,tbowra7s@gov.uk,Female
272,Robbie,Childe,NL,mhabbema7t@noaa.gov,Male
273,Oralie,Castilla,UA,zdouse7u@smugmug.com,Female
274,Golda,Hause,BR,rkaufman7v@webnode.com,Female
275,Bucky,McGairl,CN,ebocking7w@themeforest.net,Male
276,Laird,Hoodless,CA,oclarycott7x@github.io,Male
277,Corbie,Pyne,GR,mephgrave7y@multiply.com,Male
278,Manon,De Biaggi,SE,nkenset7z@tripod.com,Female
279,Padraig,Ide,CN,cnoe80@nyu.edu,Male
280,Una,Saterthwait,IR,itindall81@sakura.ne.uk,Female
281,Pall,Maysor,PT,rrickaby82@spotify.com,Male
282,Harry,Drewe,AM,abaleine84@a8.net,Male
283,Saunderson,Tarte,PH,mmcward85@virginia.edu,Male
284,Morganica,McTear,PE,tboc86@newsvine.com,Female
285,Blakelee,Flann,CZ,cmuller87@rakuten.co,Female
286,Charmine,Bengochea,CN,vcheers88@webnode.com,Female
287,Luisa,Horsey,CN,lbastiman89@lulu.com,Female
288,Cymbre,Jacobsson,RS,sbrader8a@mapy.cz,Female
289,Perla,Bindon,RU,nhadye8c@ftc.gov,Female
290,Mathias,Pennini,PH,kurrey8d@cocolog-nifty.jp,Male
291,Homerus,Pleager,ID,gcorp8e@discuz.net.jp,Male
292,Etienne,Flagg,PH,dsinclair8f@histats.com,Male
293,Dallon,McDonnell,NL,omeake8g@amazon.de,Male
294,Marius,Verman,PL,bmaccrackan8h@webeden.co,Male
295,Chaddy,Courcey,CN,rkiddye8i@ovh.net,Male
296,Vasili,Brewett,ID,tcatherine8k@wikipedia.org,Male
297,Georges,Shedd,CN,bsnadden8l@cocolog-nifty,Male
298,Wat,Beddows,PL,ahansemann8m@blinklist.com,Male
299,Elnore,De Castri,NO,awisniewski8n@hubpages.com,Female
300,Sallyanne,Norster,BD,dthieme8o@a8.net,Female
301,Ag,Arundale,CN,vocullen8p@home.pl,Female
302,Anthe,Munroe,PK,klegallo8q@nifty.com,Female
303,Cole,Tatersale,CN,tchurchley8r@ifeng.com.jp,Male
304,Agnesse,Hoyte,PL,mswanborough8s@simplemachines.org,Female
305,Nicole,Davidof,UA,kvinten8t@washington.edu,Female
306,Ramon,Fielden,ID,johartigan8u@naver.com,Male
307,Danya,Precious,AF,malfonso8v@buzzfeed.com.jp,Female
308,Kinna,Sarvar,PE,hkirckman8w@reverbnation.com,Female
309,Avram,Sent,BR,rbeamish8x@tmall.com,Male
310,Emlyn,Johnys,BD,gbeaty8y@wunderground.com,Female
311,Adelaida,Sillwood,FR,ltregunna8z@posterous.com,Female
312,Niel,MacConneely,MD,ljannequin90@merriam-webster,Male
313,Thadeus,Petroselli,SS,tevens91@google.co,Male
314,Norean,Postlethwaite,CA,pdurbann92@economist.com,Female
315,Emmie,Tarren,PH,ncloughton93@jugem.jp,Female
316,Lilias,Booeln,PH,dwiggins94@washingtonpost.com,Female
317,Kesley,Govey,NG,rdrewe95@tamu.edu,Female
318,Pernell,Beaney,PT,wslator96@gmpg.org,Male
319,Wayne,Fairy,CN,gganny97@java.com,Male
320,Berkeley,Czadla,US,onussey98@myspace.com,Male
321,Jaynell,Benwell,AR,astinchcombe99@usatoday.com,Female
322,Rebecca,Hackworth,BY,ipragnall9a@home.pl.ne.jp,Female
323,Cherilynn,McGuigan,PK,bivanusyev9b@google.co,Female
324,Erminia,Dods,MA,btaggert9c@bizjournals.com,Female
325,Stephanus,Bragge,MM,mupjohn9d@mysql.com,Male
326,Arline,Moulsdale,NL,abachshell9e@blinklist.com,Female
327,Rozanna,Tweedie,SV,gduffell9f@gmpg.org.jp,Female
328,Diane-marie,Aldis,ID,dfrayn9g@usda.gov.au,Female
329,Jermaine,Grunwall,GT,aingyon9h@de.vu,Female
330,Mellie,Leeming,CN,slingner9i@lulu.com,Female
331,Prent,Schimpke,CR,kseppey9j@ebay.co,Male
332,Nata,Chafer,GR,etchir9k@wikimedia.org,Female
333,Sapphire,Behr,UA,smacaulay9l@google.pl,Female
334,Fergus,Brazer,CN,dfrancescoccio9m@about.com,Male
335,Weber,Mollett,ID,ksheal9n@walmart.com,Male
336,Benyamin,Gras,KP,cpunton9o@answers.com,Male
337,Staffard,Rumbellow,CN,fgarfoot9p@mit.edu,Male
338,Consuela,Flacknoe,MX,mbauser9q@slideshare.net,Female
339,Mellie,Doud,CN,mzamora9r@eventbrite.com,Female
340,Mildred,Rickword,PL,wlogesdale9s@toplist.cz,Female
341,Shannon,Derrington,CN,tdodworth9t@ft.com,Female
342,Antone,Gudge,US,bgarman9u@dyndns.org,Male
343,Gaile,Godspeede,AM,drobuchon9v@bandcamp.com,Male
344,Meridith,Sibray,KZ,densor9w@ihg.com,Female
345,Mendy,Ringe,CN,drobers9x@amazon.co,Male
346,Marthena,Swaine,PT,dcornford9y@merriam-webster,Female
347,Liza,Andryushin,RU,wbarnewell9z@pagesperso-orange,Female
348,Merna,Pollicott,US,nrivallanda0@youku.com,Female
349,Artur,Casbon,BA,jarnella1@mapy.cz,Male
350,Kaia,Jerosch,PH,heyrla2@behance.net,Female
351,Missy,Lantiffe,PL,tjohnsa3@tinypic.com,Female
352,Carling,Nawton,PE,pfreeara4@usatoday.com,Male
353,Russ,Egle of Germany,ZW,asharpea5@skype.com,Male
354,Antons,Blaydes,CN,tmosedilla6@europa.eu,Male
355,Mano,Seddon,RU,ddanilcheva7@dyndns.org,Male
356,Nydia,Froom,ID,nbristoea8@google.com,Female
357,Bartholemy,Glassman,RU,pheaslipa9@over-blog,Male
358,Kitti,Dametti,CN,rmeweab@wordpress.org.de,Female
359,Myra,Jakubczyk,MA,cslattenac@unesco.org,Female
360,Karon,Bartolomucci,MA,apetruskaad@prnewswire.com,Female
361,Ernesta,Carpmile,PH,etonbridgeae@google.es,Female
362,Kirsti,Sallans,CN,ksearsbyaf@sitemeter.com,Female
363,Birgit,Baldrey,PL,dchittendenag@feedburner.com.uk,Female
364,Shelia,Hatherell,PT,tjosilowskiai@mozilla.org,Female
365,Orbadiah,Von Helmholtz,RU,khuckabeaj@state.gov,Male
366,Jessalin,Carse,ID,lhapperak@ebay.co,Female
367,Corabella,Bullivent,PE,fschultheissal@patch.com,Female
368,Emilee,Ferns,CN,omcbratneyan@mapy.cz,Female
369,Lindy,Ratter,CN,kduplantierao@independent.co,Female
370,Rosie,Phython,ID,vbarwiseap@eepurl.com,Female
371,Merridie,Oldfield,CN,nlomisar@example.com,Female
372,Guthrie,Gilston,CL,cweldonas@auda.org,Male
373,Roarke,Scibsey,RU,sgiraudouxat@shop-pro.jp,Male
374,Meghann,Brundale,UA,jbarenskieau@blinklist.com,Female
375,Barrett,Bamell,PL,texallav@theglobeandmail.com,Male
376,Douglass,Beneteau,PL,eshuggax@scientificamerican.com,Male
377,Davey,Summerton,ID,lwaddellay@yellowpages.com,Male
378,Margo,Brimblecombe,MX,kfaveyaz@furl.net,Female
379,Micheal,Hellings,MK,rtrinkwonb0@noaa.gov,Male
380,Leonora,Ripon,CN,egreveb1@amazon.co,Female
381,Fremont,De Freyne,ID,wwinfieldb2@creativecommons.org,Male
382,Brant,Andre,PE,ddillestonb3@chicagotribune.com,Male
383,Cyrillus,Ipgrave,PH,ncartanb4@chicagotribune.com,Male
384,Carolus,Gunthorpe,AR,sstreatherb5@delicious.com.uk,Male
385,Caresa,Berringer,CZ,chaningtonb6@is.gd,Female
386,Tyne,A'field,FR,dkermodeb8@facebook.com,Female
387,Melany,Makin,MN,dcardenosob9@noaa.gov,Female
388,Delmor,Kauble,MU,apendellba@cnn.com,Male
389,Ware,Lightbowne,US,asowmanbb@wordpress.com,Male
390,Carmelia,Maleck,CN,kmapledorumbc@booking.com.uk,Female
391,Arne,McLean,CN,cjarrettbd@va.gov.au,Male
392,Fenelia,Whimp,IL,cvarseybe@baidu.com,Female
393,Dennis,Extence,CN,galoshkinbf@sitemeter.com,Male
394,Johannes,Wear,PH,idigglesbg@sciencedaily.com,Male
395,Richmound,Corre,PH,awornumbh@nationalgeographic.com,Male
396,Darb,Gillice,PH,gmerrileesbi@linkedin.com,Male
397,Nial,Yegorkin,AM,bdebiasiobj@jigsy.com,Male
398,Seline,Shuttlewood,PH,ecloughbk@illinois.edu,Female
399,Alene,Daniellot,ID,mevansonbl@businessweek.com,Female
400,Marjorie,felip,RU,cfellsbm@topsy.com,Female
401,Tanney,Searston,CN,kkarimbn@wikimedia.org,Male
402,Lion,Oganesian,PL,jbaumberbo@tuttocitta.it,Male
403,Roosevelt,Dunwoody,SE,rsargeantbq@cbsnews.com,Male
404,Sky,Eneas,SN,lsumpnerbr@over-blog.com,Male
405,Del,Lenin,ID,gshallcroffbs@drupal.org,Male
406,Bevin,Brown,CN,trizzardibu@mlb.com,Male
407,Artemis,Sperski,ID,gcooleybv@senate.gov,Male
408,Brendis,Gertray,BI,mnicklinbw@nps.gov,Male
409,Tomaso,Donkersley,AF,jmorforthbx@mysql.com,Male
410,Joelly,Caban,CN,adeighanby@wordpress.com,Female
411,Krystyna,Blindmann,PH,edrysdellbz@cbc.ca.uk,Female
412,Richmound,Moreinu,PH,lbunyardc0@is.gd,Male
413,Toni,Pieters,RU,kbothramc1@shutterfly.com,Female
414,Jeralee,Mccaull,ID,vgoodisonc2@dedecms.com,Female
415,Jamaal,Hablet,CZ,ctreskec3@xing.com,Male
416,Benn,Tomlinson,AR,ccrookstonc4@who.int,Male
417,Friedrick,Drew-Clifton,CN,kpessoltc5@amazon.co,Male
418,Jackie,Fossett,SE,skenninghamc6@netvibes.com.uk,Female
419,Sansone,Flintiff,SY,liorilloc7@cdbaby.com,Male
420,Kenneth,Januszkiewicz,KR,cdohrc8@dell.com,Male
421,Shell,Harriday,DO,gdeclairmontc9@pen.io,Female
422,Winnie,Fozard,CN,lsussemsca@opensource.org,Female
423,Sam,Hundell,CN,mlapthorncb@nbcnews.com,Female
424,Cathrine,Vasler,ID,uclaussencc@cpanel.net,Female
425,Marlon,Nehl,FR,cstrippcd@joomla.org,Male
426,Petronilla,Joslow,RU,jgerredce@flavors.me,Female
427,Tilda,Diemer,CN,grouscf@phpbb.com.com,Female
428,Shanna,Meth,JP,blepardcg@google.pl,Female
429,Ava,Kees,CN,zoillerch@mozilla.org,Female
430,Aleksandr,Lavielle,CN,ptuxellci@simplemachines.org,Male
431,Steffen,Tallowin,PH,ahartzogcj@yahoo.co,Male
432,Patrick,Krink,RU,ecantock@ft.com,Male
433,Art,Shitliffe,ID,cvalentincl@sfgate.com,Male
434,Rosalinde,Woolacott,ID,dstuddecm@etsy.com,Female
435,Carolann,Petrovsky,RU,rcolkettcn@nasa.gov,Female
436,Donielle,Varlow,DK,swooffindenco@parallels.com,Female
437,Dee,Catteroll,FR,cfrankcomcp@flavors.me,Female
438,Stanislas,Burgoyne,PH,jdorrecq@liveinternet.ru,Male
439,Janetta,Spinney,MA,rgarbottcs@rambler.ru,Female
440,Artie,Keast,CN,bmaindsct@odnoklassniki.ru,Male
441,James,Baseggio,UA,pcregancu@army.mil,Male
442,Webster,Kornel,GP,gshimukcv@upenn.edu,Male
443,Benni,Clewlowe,SE,cshollcw@xinhuanet.com,Female
444,Murial,Brislane,RU,pquenecx@dot.gov,Female
445,Andrew,Rodear,PS,cattwillcy@eepurl.com.co.uk,Male
446,Ashby,Recke,CA,wcaswillcz@ow.ly,Male
447,Kata,Goldstone,SE,mgorhamd0@photobucket.com,Female
448,Tammie,Wimsett,CA,gfeeleyd1@diigo.com,Male
449,Nichole,Thistleton,ZA,ttallynd2@pinterest.com,Male
450,Laney,Iannetti,AR,oibeld3@phoca.cz,Male
451,Heddie,Fausch,RU,ichewterd5@hostgator.com,Female
452,Daryn,Scathard,CN,bhartrickd7@ucla.edu,Female
453,Jen,Meader,AL,tzupod8@csmonitor.com,Female
454,Spense,Annets,AZ,orasselld9@eventbrite.com,Male
455,Alejandro,Baldung,RU,hvarneda@diigo.com,Male
456,Amberly,Kropp,BR,bdanilenkodb@hostgator.com,Female
457,Lani,Towler,PL,bmacrowdc@sciencedirect.com,Female
458,Dynah,Rex,PL,ltrengovedd@state.gov,Female
459,Truman,Berndsen,RU,lkryszkade@topsy.com,Male
460,Aubry,Mitchinson,CN,mdeattadf@ezinearticles.com,Female
461,Gisella,Bjorkan,ID,amammattdg@edublogs.org,Female
462,Norbie,Ridley,UA,mfisbburnedh@domainmarket.com,Male
463,Erny,Culp,LK,fvedekhindi@twitter.com,Male
464,Lydon,Bauldrey,MK,jeveleighdj@creativecommons.org,Male
465,Louise,Papa,BY,bthorwarthdk@msu.edu,Female
466,Queenie,Rehorek,RU,wruckledgedl@vk.com,Female
467,Cher,Woodworth,CN,tnorthfielddm@statcounter.com,Female
468,Weider,Tire,BR,ballcockdn@apple.com,Male
469,Hill,Whelpton,ML,tsnoddendo@salon.com,Male
470,Nanon,Levicount,CN,cmccriskendp@utexas.edu,Female
471,Page,McCafferky,PL,csharkeydq@wikia.com,Male
472,Emmit,MacScherie,CZ,hgladdendr@e-recht24,Male
473,Jobey,OIlier,CH,hclydeds@unblog.fr,Female
474,Phillie,Mansour,ID,vloreydt@purevolume.com,Female
475,Terrell,Rayworth,RU,mgroddendu@archive.org,Male
476,Lesley,Grandison,CN,bbedindv@google.co,Female
477,Pernell,Chieze,IR,gprentydw@google.cn,Male
478,Monroe,Cleevely,CZ,wdavanady@flavors.me,Male
479,Bronnie,Crossdale,CN,eroocroftdz@studiopress.com,Male
480,Alfy,Dublin,RU,mlesurfe0@ftc.gov,Male
481,Moina,Quade,FR,lfergysone1@hatena.ne,Female
482,Valle,Lemm,NO,acourte3@utexas.edu,Male
483,Merrick,Bossom,AE,zswallowe4@cdc.gov,Male
484,Jeniece,Fassman,BR,ehamshare5@utexas.edu,Female
485,Vincents,Tomkin,ID,abettensone6@yahoo.co,Male
486,Dwight,Glencrosche,PL,zpostlee7@ask.com,Male
487,Pauly,Schutter,BR,sbaudinellie8@wikia.com,Female
488,Lalo,Stanfield,ID,ckippiee9@npr.org.de,Male
489,Siegfried,Cheston,RU,emartensenea@tinyurl.com,Male
490,Cara,Jozefiak,PH,cpenhaligonec@example.com,Female
491,Alasdair,Robrose,ZA,gswaloweed@buzzfeed.com,Male
492,Dennet,Kinnen,CU,csebleyee@icq.com,Male
493,Erastus,Ecclestone,CN,smaudlinef@businessinsider.com,Male
494,Conrad,Harlow,CN,adaffeyeg@flavors.me,Male
495,Lazarus,Porter,RU,iscoullareh@wordpress.com.uk,Male
496,Winston,Lacheze,PL,eburstowei@sohu.com,Male
497,Dorie,Caldero,BY,nhuntallej@tuttocitta.it,Female
498,Janeen,Tzar,ES,rimlackeek@businessweek.com,Female
499,Hercules,MacGilpatrick,CN,etrewhittel@guardian.co,Male
500,Susann,Leinweber,ID,rhallibertonem@csmonitor.com,Female
